-- Point Chaud — CATALOGUE (généré). 5 familles, 4 fournisseurs, 40 produits.
-- Repart d'un catalogue propre (garde site/réglages/profils).
truncate point_chaud.stock_movements, point_chaud.supplier_products, point_chaud.forecast_settings,
  point_chaud.prep_template_lines, point_chaud.prep_templates, point_chaud.products,
  point_chaud.suppliers, point_chaud.product_categories restart identity cascade;

insert into point_chaud.sites (id, name, timezone) values ('00000000-0000-0000-0000-0000000000c1','Point Chaud','Europe/Paris') on conflict (id) do nothing;
insert into point_chaud.app_settings (site_id, safety_deliveries, recalibration_threshold) values ('00000000-0000-0000-0000-0000000000c1',1,0.20) on conflict (site_id) do nothing;

insert into point_chaud.product_categories (id, site_id, name, position) values
  ('33333333-3333-3333-3333-000000000001','00000000-0000-0000-0000-0000000000c1','Baguettes',1),
  ('33333333-3333-3333-3333-000000000002','00000000-0000-0000-0000-0000000000c1','Pains',2),
  ('33333333-3333-3333-3333-000000000003','00000000-0000-0000-0000-0000000000c1','Viennoiseries',3),
  ('33333333-3333-3333-3333-000000000004','00000000-0000-0000-0000-0000000000c1','Pâtisseries',4),
  ('33333333-3333-3333-3333-000000000005','00000000-0000-0000-0000-0000000000c1','Salés',5);

insert into point_chaud.suppliers (id, site_id, name, phone, order_channel, order_days, cutoff_time, delivery_mode, lead_days, lead_kind, no_weekend_delivery) values
  ('22222222-2222-2222-2222-000000000001','00000000-0000-0000-0000-0000000000c1','CIOSI','04 95 20 10 10','phone','{0,1,2,3,4}','11:00','lead',1,'calendar',true),
  ('22222222-2222-2222-2222-000000000002','00000000-0000-0000-0000-0000000000c1','SEDDA','04 95 20 20 20','phone','{0,2,4}','10:00','lead',1,'calendar',true),
  ('22222222-2222-2222-2222-000000000003','00000000-0000-0000-0000-0000000000c1','CENTRALE U','04 95 20 30 30','phone','{0,1,2,3,4}','12:00','lead',1,'calendar',true),
  ('22222222-2222-2222-2222-000000000004','00000000-0000-0000-0000-0000000000c1','I FRATELLI','04 95 20 40 40','phone','{1,3}','12:00','lead',2,'business',false);

insert into point_chaud.products (id, site_id, category_id, name, internal_ref, min_units, max_units) values
  ('11111111-1111-1111-1111-000000000001','00000000-0000-0000-0000-0000000000c1','33333333-3333-3333-3333-000000000001','Baguette tradition précuite','ART-001',30,120),
  ('11111111-1111-1111-1111-000000000002','00000000-0000-0000-0000-0000000000c1','33333333-3333-3333-3333-000000000001','Baguette blanche précuite 55cm','ART-002',30,120),
  ('11111111-1111-1111-1111-000000000003','00000000-0000-0000-0000-0000000000c1','33333333-3333-3333-3333-000000000001','Baguette céréales précuite','ART-003',24,96),
  ('11111111-1111-1111-1111-000000000004','00000000-0000-0000-0000-0000000000c1','33333333-3333-3333-3333-000000000001','Demi-baguette précuite','ART-004',40,160),
  ('11111111-1111-1111-1111-000000000005','00000000-0000-0000-0000-0000000000c1','33333333-3333-3333-3333-000000000001','Ficelle précuite','ART-005',40,160),
  ('11111111-1111-1111-1111-000000000006','00000000-0000-0000-0000-0000000000c1','33333333-3333-3333-3333-000000000001','Baguette viennoise','ART-006',30,120),
  ('11111111-1111-1111-1111-000000000007','00000000-0000-0000-0000-0000000000c1','33333333-3333-3333-3333-000000000001','Flûte précuite','ART-007',30,120),
  ('11111111-1111-1111-1111-000000000008','00000000-0000-0000-0000-0000000000c1','33333333-3333-3333-3333-000000000001','Baguette rustique précuite','ART-008',24,96),
  ('11111111-1111-1111-1111-000000000009','00000000-0000-0000-0000-0000000000c1','33333333-3333-3333-3333-000000000002','Pain de campagne précuit','ART-009',20,80),
  ('11111111-1111-1111-1111-000000000010','00000000-0000-0000-0000-0000000000c1','33333333-3333-3333-3333-000000000002','Pain aux céréales précuit','ART-010',20,80),
  ('11111111-1111-1111-1111-000000000011','00000000-0000-0000-0000-0000000000c1','33333333-3333-3333-3333-000000000002','Pain complet précuit','ART-011',20,80),
  ('11111111-1111-1111-1111-000000000012','00000000-0000-0000-0000-0000000000c1','33333333-3333-3333-3333-000000000002','Pain de seigle précuit','ART-012',15,60),
  ('11111111-1111-1111-1111-000000000013','00000000-0000-0000-0000-0000000000c1','33333333-3333-3333-3333-000000000002','Pain viennois','ART-013',24,96),
  ('11111111-1111-1111-1111-000000000014','00000000-0000-0000-0000-0000000000c1','33333333-3333-3333-3333-000000000002','Petit pain au lait','ART-014',48,192),
  ('11111111-1111-1111-1111-000000000015','00000000-0000-0000-0000-0000000000c1','33333333-3333-3333-3333-000000000002','Pain aux noix','ART-015',15,60),
  ('11111111-1111-1111-1111-000000000016','00000000-0000-0000-0000-0000000000c1','33333333-3333-3333-3333-000000000002','Pavé céréales précuit','ART-016',18,72),
  ('11111111-1111-1111-1111-000000000017','00000000-0000-0000-0000-0000000000c1','33333333-3333-3333-3333-000000000003','Croissant pur beurre cru','ART-017',120,480),
  ('11111111-1111-1111-1111-000000000018','00000000-0000-0000-0000-0000000000c1','33333333-3333-3333-3333-000000000003','Pain au chocolat cru','ART-018',120,480),
  ('11111111-1111-1111-1111-000000000019','00000000-0000-0000-0000-0000000000c1','33333333-3333-3333-3333-000000000003','Pain aux raisins cru','ART-019',70,280),
  ('11111111-1111-1111-1111-000000000020','00000000-0000-0000-0000-0000000000c1','33333333-3333-3333-3333-000000000003','Chausson aux pommes cru','ART-020',60,240),
  ('11111111-1111-1111-1111-000000000021','00000000-0000-0000-0000-0000000000c1','33333333-3333-3333-3333-000000000003','Croissant aux amandes','ART-021',48,192),
  ('11111111-1111-1111-1111-000000000022','00000000-0000-0000-0000-0000000000c1','33333333-3333-3333-3333-000000000003','Brioche à tête','ART-022',40,160),
  ('11111111-1111-1111-1111-000000000023','00000000-0000-0000-0000-0000000000c1','33333333-3333-3333-3333-000000000003','Torsade chocolat','ART-023',60,240),
  ('11111111-1111-1111-1111-000000000024','00000000-0000-0000-0000-0000000000c1','33333333-3333-3333-3333-000000000003','Chocolatine précuite','ART-024',100,400),
  ('11111111-1111-1111-1111-000000000025','00000000-0000-0000-0000-0000000000c1','33333333-3333-3333-3333-000000000003','Palmier','ART-025',50,200),
  ('11111111-1111-1111-1111-000000000026','00000000-0000-0000-0000-0000000000c1','33333333-3333-3333-3333-000000000004','Éclair chocolat','ART-026',24,96),
  ('11111111-1111-1111-1111-000000000027','00000000-0000-0000-0000-0000000000c1','33333333-3333-3333-3333-000000000004','Éclair café','ART-027',24,96),
  ('11111111-1111-1111-1111-000000000028','00000000-0000-0000-0000-0000000000c1','33333333-3333-3333-3333-000000000004','Tartelette citron','ART-028',20,80),
  ('11111111-1111-1111-1111-000000000029','00000000-0000-0000-0000-0000000000c1','33333333-3333-3333-3333-000000000004','Tartelette fraise','ART-029',20,80),
  ('11111111-1111-1111-1111-000000000030','00000000-0000-0000-0000-0000000000c1','33333333-3333-3333-3333-000000000004','Flan pâtissier','ART-030',12,48),
  ('11111111-1111-1111-1111-000000000031','00000000-0000-0000-0000-0000000000c1','33333333-3333-3333-3333-000000000004','Millefeuille','ART-031',16,64),
  ('11111111-1111-1111-1111-000000000032','00000000-0000-0000-0000-0000000000c1','33333333-3333-3333-3333-000000000004','Muffin chocolat','ART-032',30,120),
  ('11111111-1111-1111-1111-000000000033','00000000-0000-0000-0000-0000000000c1','33333333-3333-3333-3333-000000000004','Cookie pépites choco','ART-033',48,192),
  ('11111111-1111-1111-1111-000000000034','00000000-0000-0000-0000-0000000000c1','33333333-3333-3333-3333-000000000005','Pizza margherita indiv.','ART-034',6,24),
  ('11111111-1111-1111-1111-000000000035','00000000-0000-0000-0000-0000000000c1','33333333-3333-3333-3333-000000000005','Pizza 4 fromages indiv.','ART-035',6,24),
  ('11111111-1111-1111-1111-000000000036','00000000-0000-0000-0000-0000000000c1','33333333-3333-3333-3333-000000000005','Quiche lorraine 12cm','ART-036',15,60),
  ('11111111-1111-1111-1111-000000000037','00000000-0000-0000-0000-0000000000c1','33333333-3333-3333-3333-000000000005','Quiche légumes 12cm','ART-037',15,60),
  ('11111111-1111-1111-1111-000000000038','00000000-0000-0000-0000-0000000000c1','33333333-3333-3333-3333-000000000005','Feuilleté saucisse','ART-038',30,120),
  ('11111111-1111-1111-1111-000000000039','00000000-0000-0000-0000-0000000000c1','33333333-3333-3333-3333-000000000005','Croque-monsieur','ART-039',20,80),
  ('11111111-1111-1111-1111-000000000040','00000000-0000-0000-0000-0000000000c1','33333333-3333-3333-3333-000000000005','Friand à la viande','ART-040',30,120);

insert into point_chaud.supplier_products (site_id, supplier_id, product_id, supplier_ref, order_unit, pack_size, min_order_packs, order_multiple_packs) values
  ('00000000-0000-0000-0000-0000000000c1','22222222-2222-2222-2222-000000000001','11111111-1111-1111-1111-000000000001','CIO001','carton',30,1,1),
  ('00000000-0000-0000-0000-0000000000c1','22222222-2222-2222-2222-000000000001','11111111-1111-1111-1111-000000000002','CIO002','carton',30,1,1),
  ('00000000-0000-0000-0000-0000000000c1','22222222-2222-2222-2222-000000000002','11111111-1111-1111-1111-000000000003','SED003','carton',24,1,1),
  ('00000000-0000-0000-0000-0000000000c1','22222222-2222-2222-2222-000000000003','11111111-1111-1111-1111-000000000004','CEN004','carton',40,1,1),
  ('00000000-0000-0000-0000-0000000000c1','22222222-2222-2222-2222-000000000001','11111111-1111-1111-1111-000000000005','CIO005','carton',40,1,1),
  ('00000000-0000-0000-0000-0000000000c1','22222222-2222-2222-2222-000000000002','11111111-1111-1111-1111-000000000006','SED006','carton',30,1,1),
  ('00000000-0000-0000-0000-0000000000c1','22222222-2222-2222-2222-000000000003','11111111-1111-1111-1111-000000000007','CEN007','carton',30,1,1),
  ('00000000-0000-0000-0000-0000000000c1','22222222-2222-2222-2222-000000000004','11111111-1111-1111-1111-000000000008','IFR008','carton',24,1,1),
  ('00000000-0000-0000-0000-0000000000c1','22222222-2222-2222-2222-000000000002','11111111-1111-1111-1111-000000000009','SED009','carton',20,1,1),
  ('00000000-0000-0000-0000-0000000000c1','22222222-2222-2222-2222-000000000001','11111111-1111-1111-1111-000000000010','CIO010','carton',20,1,1),
  ('00000000-0000-0000-0000-0000000000c1','22222222-2222-2222-2222-000000000003','11111111-1111-1111-1111-000000000011','CEN011','carton',20,1,1),
  ('00000000-0000-0000-0000-0000000000c1','22222222-2222-2222-2222-000000000002','11111111-1111-1111-1111-000000000012','SED012','carton',15,1,1),
  ('00000000-0000-0000-0000-0000000000c1','22222222-2222-2222-2222-000000000003','11111111-1111-1111-1111-000000000013','CEN013','carton',24,1,1),
  ('00000000-0000-0000-0000-0000000000c1','22222222-2222-2222-2222-000000000004','11111111-1111-1111-1111-000000000014','IFR014','carton',48,1,1),
  ('00000000-0000-0000-0000-0000000000c1','22222222-2222-2222-2222-000000000002','11111111-1111-1111-1111-000000000015','SED015','carton',15,1,1),
  ('00000000-0000-0000-0000-0000000000c1','22222222-2222-2222-2222-000000000004','11111111-1111-1111-1111-000000000016','IFR016','carton',18,1,1),
  ('00000000-0000-0000-0000-0000000000c1','22222222-2222-2222-2222-000000000001','11111111-1111-1111-1111-000000000017','CIO017','carton',120,1,1),
  ('00000000-0000-0000-0000-0000000000c1','22222222-2222-2222-2222-000000000001','11111111-1111-1111-1111-000000000018','CIO018','carton',120,1,1),
  ('00000000-0000-0000-0000-0000000000c1','22222222-2222-2222-2222-000000000002','11111111-1111-1111-1111-000000000019','SED019','carton',70,1,1),
  ('00000000-0000-0000-0000-0000000000c1','22222222-2222-2222-2222-000000000003','11111111-1111-1111-1111-000000000020','CEN020','carton',60,1,1),
  ('00000000-0000-0000-0000-0000000000c1','22222222-2222-2222-2222-000000000004','11111111-1111-1111-1111-000000000021','IFR021','carton',48,1,1),
  ('00000000-0000-0000-0000-0000000000c1','22222222-2222-2222-2222-000000000002','11111111-1111-1111-1111-000000000022','SED022','carton',40,1,1),
  ('00000000-0000-0000-0000-0000000000c1','22222222-2222-2222-2222-000000000003','11111111-1111-1111-1111-000000000023','CEN023','carton',60,1,1),
  ('00000000-0000-0000-0000-0000000000c1','22222222-2222-2222-2222-000000000001','11111111-1111-1111-1111-000000000024','CIO024','carton',100,1,1),
  ('00000000-0000-0000-0000-0000000000c1','22222222-2222-2222-2222-000000000004','11111111-1111-1111-1111-000000000025','IFR025','carton',50,1,1),
  ('00000000-0000-0000-0000-0000000000c1','22222222-2222-2222-2222-000000000004','11111111-1111-1111-1111-000000000026','IFR026','carton',24,1,1),
  ('00000000-0000-0000-0000-0000000000c1','22222222-2222-2222-2222-000000000004','11111111-1111-1111-1111-000000000027','IFR027','carton',24,1,1),
  ('00000000-0000-0000-0000-0000000000c1','22222222-2222-2222-2222-000000000002','11111111-1111-1111-1111-000000000028','SED028','carton',20,1,1),
  ('00000000-0000-0000-0000-0000000000c1','22222222-2222-2222-2222-000000000002','11111111-1111-1111-1111-000000000029','SED029','carton',20,1,1),
  ('00000000-0000-0000-0000-0000000000c1','22222222-2222-2222-2222-000000000003','11111111-1111-1111-1111-000000000030','CEN030','carton',12,1,1),
  ('00000000-0000-0000-0000-0000000000c1','22222222-2222-2222-2222-000000000004','11111111-1111-1111-1111-000000000031','IFR031','carton',16,1,1),
  ('00000000-0000-0000-0000-0000000000c1','22222222-2222-2222-2222-000000000003','11111111-1111-1111-1111-000000000032','CEN032','carton',30,1,1),
  ('00000000-0000-0000-0000-0000000000c1','22222222-2222-2222-2222-000000000001','11111111-1111-1111-1111-000000000033','CIO033','carton',48,1,1),
  ('00000000-0000-0000-0000-0000000000c1','22222222-2222-2222-2222-000000000003','11111111-1111-1111-1111-000000000034','CEN034','carton',6,1,1),
  ('00000000-0000-0000-0000-0000000000c1','22222222-2222-2222-2222-000000000003','11111111-1111-1111-1111-000000000035','CEN035','carton',6,1,1),
  ('00000000-0000-0000-0000-0000000000c1','22222222-2222-2222-2222-000000000002','11111111-1111-1111-1111-000000000036','SED036','carton',15,1,1),
  ('00000000-0000-0000-0000-0000000000c1','22222222-2222-2222-2222-000000000002','11111111-1111-1111-1111-000000000037','SED037','carton',15,1,1),
  ('00000000-0000-0000-0000-0000000000c1','22222222-2222-2222-2222-000000000004','11111111-1111-1111-1111-000000000038','IFR038','carton',30,1,1),
  ('00000000-0000-0000-0000-0000000000c1','22222222-2222-2222-2222-000000000003','11111111-1111-1111-1111-000000000039','CEN039','carton',20,1,1),
  ('00000000-0000-0000-0000-0000000000c1','22222222-2222-2222-2222-000000000004','11111111-1111-1111-1111-000000000040','IFR040','carton',30,1,1);

insert into point_chaud.forecast_settings (product_id, site_id, conso_mon, conso_tue, conso_wed, conso_thu, conso_fri, conso_sat, conso_sun) values
  ('11111111-1111-1111-1111-000000000001','00000000-0000-0000-0000-0000000000c1',26,26,29,31,42,52,36),
  ('11111111-1111-1111-1111-000000000002','00000000-0000-0000-0000-0000000000c1',22,22,24,26,35,44,31),
  ('11111111-1111-1111-1111-000000000003','00000000-0000-0000-0000-0000000000c1',14,14,15,17,22,28,20),
  ('11111111-1111-1111-1111-000000000004','00000000-0000-0000-0000-0000000000c1',18,18,20,22,29,36,25),
  ('11111111-1111-1111-1111-000000000005','00000000-0000-0000-0000-0000000000c1',12,12,13,14,19,24,17),
  ('11111111-1111-1111-1111-000000000006','00000000-0000-0000-0000-0000000000c1',10,10,11,12,16,20,14),
  ('11111111-1111-1111-1111-000000000007','00000000-0000-0000-0000-0000000000c1',12,12,13,14,19,24,17),
  ('11111111-1111-1111-1111-000000000008','00000000-0000-0000-0000-0000000000c1',13,13,14,16,21,26,18),
  ('11111111-1111-1111-1111-000000000009','00000000-0000-0000-0000-0000000000c1',10,10,11,12,16,20,14),
  ('11111111-1111-1111-1111-000000000010','00000000-0000-0000-0000-0000000000c1',11,11,12,13,18,22,15),
  ('11111111-1111-1111-1111-000000000011','00000000-0000-0000-0000-0000000000c1',8,8,9,10,13,16,11),
  ('11111111-1111-1111-1111-000000000012','00000000-0000-0000-0000-0000000000c1',5,5,6,6,8,10,7),
  ('11111111-1111-1111-1111-000000000013','00000000-0000-0000-0000-0000000000c1',9,9,10,11,14,18,13),
  ('11111111-1111-1111-1111-000000000014','00000000-0000-0000-0000-0000000000c1',20,20,22,24,32,40,28),
  ('11111111-1111-1111-1111-000000000015','00000000-0000-0000-0000-0000000000c1',4,4,4,5,6,8,6),
  ('11111111-1111-1111-1111-000000000016','00000000-0000-0000-0000-0000000000c1',6,6,7,7,10,12,8),
  ('11111111-1111-1111-1111-000000000017','00000000-0000-0000-0000-0000000000c1',80,80,88,96,128,160,112),
  ('11111111-1111-1111-1111-000000000018','00000000-0000-0000-0000-0000000000c1',75,75,83,90,120,150,105),
  ('11111111-1111-1111-1111-000000000019','00000000-0000-0000-0000-0000000000c1',28,28,31,34,45,56,39),
  ('11111111-1111-1111-1111-000000000020','00000000-0000-0000-0000-0000000000c1',22,22,24,26,35,44,31),
  ('11111111-1111-1111-1111-000000000021','00000000-0000-0000-0000-0000000000c1',16,16,18,19,26,32,22),
  ('11111111-1111-1111-1111-000000000022','00000000-0000-0000-0000-0000000000c1',14,14,15,17,22,28,20),
  ('11111111-1111-1111-1111-000000000023','00000000-0000-0000-0000-0000000000c1',20,20,22,24,32,40,28),
  ('11111111-1111-1111-1111-000000000024','00000000-0000-0000-0000-0000000000c1',60,60,66,72,96,120,84),
  ('11111111-1111-1111-1111-000000000025','00000000-0000-0000-0000-0000000000c1',15,15,17,18,24,30,21),
  ('11111111-1111-1111-1111-000000000026','00000000-0000-0000-0000-0000000000c1',16,16,18,19,26,32,22),
  ('11111111-1111-1111-1111-000000000027','00000000-0000-0000-0000-0000000000c1',12,12,13,14,19,24,17),
  ('11111111-1111-1111-1111-000000000028','00000000-0000-0000-0000-0000000000c1',10,10,11,12,16,20,14),
  ('11111111-1111-1111-1111-000000000029','00000000-0000-0000-0000-0000000000c1',11,11,12,13,18,22,15),
  ('11111111-1111-1111-1111-000000000030','00000000-0000-0000-0000-0000000000c1',9,9,10,11,14,18,13),
  ('11111111-1111-1111-1111-000000000031','00000000-0000-0000-0000-0000000000c1',8,8,9,10,13,16,11),
  ('11111111-1111-1111-1111-000000000032','00000000-0000-0000-0000-0000000000c1',14,14,15,17,22,28,20),
  ('11111111-1111-1111-1111-000000000033','00000000-0000-0000-0000-0000000000c1',22,22,24,26,35,44,31),
  ('11111111-1111-1111-1111-000000000034','00000000-0000-0000-0000-0000000000c1',10,10,11,12,16,20,14),
  ('11111111-1111-1111-1111-000000000035','00000000-0000-0000-0000-0000000000c1',8,8,9,10,13,16,11),
  ('11111111-1111-1111-1111-000000000036','00000000-0000-0000-0000-0000000000c1',9,9,10,11,14,18,13),
  ('11111111-1111-1111-1111-000000000037','00000000-0000-0000-0000-0000000000c1',7,7,8,8,11,14,10),
  ('11111111-1111-1111-1111-000000000038','00000000-0000-0000-0000-0000000000c1',12,12,13,14,19,24,17),
  ('11111111-1111-1111-1111-000000000039','00000000-0000-0000-0000-0000000000c1',10,10,11,12,16,20,14),
  ('11111111-1111-1111-1111-000000000040','00000000-0000-0000-0000-0000000000c1',11,11,12,13,18,22,15);

insert into point_chaud.stock_movements (site_id, product_id, qty_units, type, reason) values
  ('00000000-0000-0000-0000-0000000000c1','11111111-1111-1111-1111-000000000001',86,'initial','inventaire initial'),
  ('00000000-0000-0000-0000-0000000000c1','11111111-1111-1111-1111-000000000002',73,'initial','inventaire initial'),
  ('00000000-0000-0000-0000-0000000000c1','11111111-1111-1111-1111-000000000003',46,'initial','inventaire initial'),
  ('00000000-0000-0000-0000-0000000000c1','11111111-1111-1111-1111-000000000004',60,'initial','inventaire initial'),
  ('00000000-0000-0000-0000-0000000000c1','11111111-1111-1111-1111-000000000005',40,'initial','inventaire initial'),
  ('00000000-0000-0000-0000-0000000000c1','11111111-1111-1111-1111-000000000006',33,'initial','inventaire initial'),
  ('00000000-0000-0000-0000-0000000000c1','11111111-1111-1111-1111-000000000007',40,'initial','inventaire initial'),
  ('00000000-0000-0000-0000-0000000000c1','11111111-1111-1111-1111-000000000008',43,'initial','inventaire initial'),
  ('00000000-0000-0000-0000-0000000000c1','11111111-1111-1111-1111-000000000009',33,'initial','inventaire initial'),
  ('00000000-0000-0000-0000-0000000000c1','11111111-1111-1111-1111-000000000010',36,'initial','inventaire initial'),
  ('00000000-0000-0000-0000-0000000000c1','11111111-1111-1111-1111-000000000011',27,'initial','inventaire initial'),
  ('00000000-0000-0000-0000-0000000000c1','11111111-1111-1111-1111-000000000012',17,'initial','inventaire initial'),
  ('00000000-0000-0000-0000-0000000000c1','11111111-1111-1111-1111-000000000013',30,'initial','inventaire initial'),
  ('00000000-0000-0000-0000-0000000000c1','11111111-1111-1111-1111-000000000014',66,'initial','inventaire initial'),
  ('00000000-0000-0000-0000-0000000000c1','11111111-1111-1111-1111-000000000015',13,'initial','inventaire initial'),
  ('00000000-0000-0000-0000-0000000000c1','11111111-1111-1111-1111-000000000016',20,'initial','inventaire initial'),
  ('00000000-0000-0000-0000-0000000000c1','11111111-1111-1111-1111-000000000017',266,'initial','inventaire initial'),
  ('00000000-0000-0000-0000-0000000000c1','11111111-1111-1111-1111-000000000018',249,'initial','inventaire initial'),
  ('00000000-0000-0000-0000-0000000000c1','11111111-1111-1111-1111-000000000019',93,'initial','inventaire initial'),
  ('00000000-0000-0000-0000-0000000000c1','11111111-1111-1111-1111-000000000020',73,'initial','inventaire initial'),
  ('00000000-0000-0000-0000-0000000000c1','11111111-1111-1111-1111-000000000021',53,'initial','inventaire initial'),
  ('00000000-0000-0000-0000-0000000000c1','11111111-1111-1111-1111-000000000022',46,'initial','inventaire initial'),
  ('00000000-0000-0000-0000-0000000000c1','11111111-1111-1111-1111-000000000023',66,'initial','inventaire initial'),
  ('00000000-0000-0000-0000-0000000000c1','11111111-1111-1111-1111-000000000024',199,'initial','inventaire initial'),
  ('00000000-0000-0000-0000-0000000000c1','11111111-1111-1111-1111-000000000025',50,'initial','inventaire initial'),
  ('00000000-0000-0000-0000-0000000000c1','11111111-1111-1111-1111-000000000026',53,'initial','inventaire initial'),
  ('00000000-0000-0000-0000-0000000000c1','11111111-1111-1111-1111-000000000027',40,'initial','inventaire initial'),
  ('00000000-0000-0000-0000-0000000000c1','11111111-1111-1111-1111-000000000028',33,'initial','inventaire initial'),
  ('00000000-0000-0000-0000-0000000000c1','11111111-1111-1111-1111-000000000029',36,'initial','inventaire initial'),
  ('00000000-0000-0000-0000-0000000000c1','11111111-1111-1111-1111-000000000030',30,'initial','inventaire initial'),
  ('00000000-0000-0000-0000-0000000000c1','11111111-1111-1111-1111-000000000031',27,'initial','inventaire initial'),
  ('00000000-0000-0000-0000-0000000000c1','11111111-1111-1111-1111-000000000032',46,'initial','inventaire initial'),
  ('00000000-0000-0000-0000-0000000000c1','11111111-1111-1111-1111-000000000033',73,'initial','inventaire initial'),
  ('00000000-0000-0000-0000-0000000000c1','11111111-1111-1111-1111-000000000034',33,'initial','inventaire initial'),
  ('00000000-0000-0000-0000-0000000000c1','11111111-1111-1111-1111-000000000035',27,'initial','inventaire initial'),
  ('00000000-0000-0000-0000-0000000000c1','11111111-1111-1111-1111-000000000036',30,'initial','inventaire initial'),
  ('00000000-0000-0000-0000-0000000000c1','11111111-1111-1111-1111-000000000037',23,'initial','inventaire initial'),
  ('00000000-0000-0000-0000-0000000000c1','11111111-1111-1111-1111-000000000038',40,'initial','inventaire initial'),
  ('00000000-0000-0000-0000-0000000000c1','11111111-1111-1111-1111-000000000039',33,'initial','inventaire initial'),
  ('00000000-0000-0000-0000-0000000000c1','11111111-1111-1111-1111-000000000040',36,'initial','inventaire initial');

insert into point_chaud.prep_templates (id, site_id, name, time_label) values
  ('44444444-4444-4444-4444-000000000001','00000000-0000-0000-0000-0000000000c1','Prépa du matin','06:30'),
  ('44444444-4444-4444-4444-000000000002','00000000-0000-0000-0000-0000000000c1','Prépa de midi','11:00');

insert into point_chaud.prep_template_lines (template_id, product_id, default_units) values
  ('44444444-4444-4444-4444-000000000001','11111111-1111-1111-1111-000000000001',60),
  ('44444444-4444-4444-4444-000000000001','11111111-1111-1111-1111-000000000002',60),
  ('44444444-4444-4444-4444-000000000001','11111111-1111-1111-1111-000000000017',120),
  ('44444444-4444-4444-4444-000000000001','11111111-1111-1111-1111-000000000018',120),
  ('44444444-4444-4444-4444-000000000001','11111111-1111-1111-1111-000000000010',20),
  ('44444444-4444-4444-4444-000000000002','11111111-1111-1111-1111-000000000034',12),
  ('44444444-4444-4444-4444-000000000002','11111111-1111-1111-1111-000000000036',15),
  ('44444444-4444-4444-4444-000000000002','11111111-1111-1111-1111-000000000038',12);
